{"loss": [0.30377963185310364, 0.1837480515241623, 0.13614103198051453, 0.10989261418581009, 0.09450279176235199, 0.08391015976667404, 0.07597119361162186, 0.06975080072879791, 0.06465930491685867, 0.06039680913090706, 0.05674023926258087, 0.05356725677847862, 0.0507802814245224, 0.04831007495522499, 0.046123478561639786, 0.044173531234264374, 0.0424077995121479, 0.040815118700265884, 0.03937653452157974, 0.03806154802441597, 0.0368506982922554, 0.03572843223810196, 0.03469127416610718, 0.033729054033756256, 0.03282696381211281, 0.031986016780138016, 0.0311947800219059, 0.030452625826001167, 0.029755117371678352, 0.029085403308272362, 0.028454575687646866, 0.02785848267376423, 0.027291204780340195, 0.026752818375825882, 0.026238135993480682, 0.025746772065758705, 0.025274304673075676, 0.0248226597905159, 0.024394964799284935, 0.023982055485248566, 0.02359014004468918, 0.02320733293890953, 0.022840406745672226, 0.022481175139546394, 0.022131409496068954, 0.021795036271214485, 0.021461473777890205, 0.021139947697520256, 0.020827602595090866, 0.020515484735369682, 0.020211895927786827, 0.019913796335458755, 0.019626103341579437, 0.01934034377336502, 0.019059021025896072, 0.0187817495316267, 0.01851392351090908, 0.018241556361317635, 0.01798391155898571, 0.017720691859722137, 0.017471488565206528, 0.017218340188264847, 0.0169732216745615, 0.016728781163692474, 0.016491884365677834, 0.01625577174127102, 0.0160150695592165, 0.01577327400445938, 0.015537350438535213, 0.015307081863284111, 0.015087345615029335, 0.014856936410069466, 0.014637422747910023, 0.014419755898416042, 0.014199672266840935, 0.013984041288495064, 0.013767926953732967, 0.013544428162276745, 0.013335896655917168, 0.013114110566675663, 0.012899590656161308, 0.01268940232694149, 0.012474579736590385, 0.012258653528988361, 0.0120552321895957, 0.011854090727865696, 0.011638724245131016], "auc_pr": [0.3586658835411072, 0.5621165633201599, 0.6250845193862915, 0.6785708069801331, 0.7315825819969177, 0.7707846164703369, 0.8009265661239624, 0.8222450613975525, 0.8406108617782593, 0.8561856746673584, 0.8678050637245178, 0.8766087889671326, 0.8852176070213318, 0.8927380442619324, 0.8986991047859192, 0.9045440554618835, 0.9087275266647339, 0.9110140800476074, 0.9141507148742676, 0.9168194532394409, 0.9197041392326355, 0.9220388531684875, 0.9235976934432983, 0.925146222114563, 0.9269511699676514, 0.9284460544586182, 0.9314681887626648, 0.9317527413368225, 0.9330476522445679, 0.933900773525238, 0.934644341468811, 0.9352895021438599, 0.9364368915557861, 0.9371711015701294, 0.9383635520935059, 0.9402443170547485, 0.9407769441604614, 0.941548228263855, 0.9420375823974609, 0.943657636642456, 0.944675087928772, 0.9455200433731079, 0.9461478590965271, 0.9477097392082214, 0.9491996169090271, 0.9496301412582397, 0.9513674974441528, 0.9518761038780212, 0.9524458050727844, 0.9534064531326294, 0.9539663791656494, 0.9545129537582397, 0.9552370309829712, 0.955601155757904, 0.9565473794937134, 0.9568137526512146, 0.9571277499198914, 0.9577330350875854, 0.9590533971786499, 0.9602959156036377, 0.960833728313446, 0.9615636467933655, 0.9617037177085876, 0.9623534679412842, 0.9641712307929993, 0.9650704860687256, 0.9670118689537048, 0.9688342809677124, 0.9691699147224426, 0.969579815864563, 0.9700510501861572, 0.971630871295929, 0.9718903303146362, 0.9721786975860596, 0.9731027483940125, 0.9734607934951782, 0.9740341901779175, 0.9745827317237854, 0.9751261472702026, 0.9757497310638428, 0.9760280847549438, 0.9802833795547485, 0.9805577993392944, 0.9807854890823364, 0.9825105667114258, 0.9828341007232666, 0.9833897948265076], "val_loss": [0.6592932343482971, 0.6208545565605164, 0.5906434655189514, 0.5591817498207092, 0.49137505888938904, 0.39256927371025085, 0.27592116594314575, 0.18309849500656128, 0.12625186145305634, 0.09566742926836014, 0.07943708449602127, 0.06742630898952484, 0.06610742956399918, 0.05937274545431137, 0.05948479846119881, 0.11073274910449982, 0.09943219274282455, 0.062218572944402695, 0.04314335063099861, 0.0410425029695034, 0.03920355811715126, 0.03837130218744278, 0.037999723106622696, 0.03752724081277847, 0.03874659910798073, 0.04145968332886696, 0.04362189397215843, 0.03821700066328049, 0.03627220168709755, 0.0328652523458004, 0.032238107174634933, 0.03200940787792206, 0.03161495551466942, 0.03152850642800331, 0.031110752373933792, 0.03373025357723236, 0.031760044395923615, 0.03096010349690914, 0.030626876279711723, 0.030144983902573586, 0.030274949967861176, 0.029407871887087822, 0.02907421626150608, 0.02982626110315323, 0.028351595625281334, 0.028615586459636688, 0.028024431318044662, 0.02786584571003914, 0.027930844575166702, 0.02845095470547676, 0.027950845658779144, 0.027903372421860695, 0.027517398819327354, 0.028497975319623947, 0.027734285220503807, 0.02734428271651268, 0.029208147898316383, 0.027953650802373886, 0.026963669806718826, 0.034068621695041656, 0.026582086458802223, 0.026219971477985382, 0.027503255754709244, 0.027538849040865898, 0.02605530433356762, 0.02594810537993908, 0.026019878685474396, 0.026383696123957634, 0.028335314244031906, 0.02598113939166069, 0.025840263813734055, 0.026725832372903824, 0.025687988847494125, 0.027108171954751015, 0.026267316192388535, 0.025754157453775406, 0.02567184530198574, 0.025772402063012123, 0.026091787964105606, 0.026042263954877853, 0.026385126635432243, 0.025920279324054718, 0.02576126903295517, 0.026113223284482956, 0.026847045868635178, 0.026472609490156174, 0.026461821049451828], "val_auc_pr": [0.03541666641831398, 0.02334793098270893, 0.02967861108481884, 0.018501220270991325, 0.018396245315670967, 0.05083436518907547, 0.26437094807624817, 0.5075860023498535, 0.7660934925079346, 0.8520314693450928, 0.886375904083252, 0.8973532915115356, 0.894869863986969, 0.9045533537864685, 0.906975269317627, 0.90102618932724, 0.9016480445861816, 0.9119112491607666, 0.914929986000061, 0.9145174026489258, 0.9088265895843506, 0.9138299226760864, 0.9005541801452637, 0.9041646718978882, 0.9191156029701233, 0.9189659953117371, 0.9216477870941162, 0.9200567007064819, 0.9206593036651611, 0.9144099950790405, 0.9194977283477783, 0.9240156412124634, 0.9126031398773193, 0.91152024269104, 0.9107208251953125, 0.9130020141601562, 0.909296452999115, 0.9133637547492981, 0.9134544134140015, 0.914325475692749, 0.9102003574371338, 0.9147639870643616, 0.9266862869262695, 0.9268596768379211, 0.9222197532653809, 0.9246671199798584, 0.9194979071617126, 0.9255797863006592, 0.9167315363883972, 0.9168606996536255, 0.9169794321060181, 0.9186828136444092, 0.9208300113677979, 0.9270766377449036, 0.9183195233345032, 0.9176402688026428, 0.9045783281326294, 0.9097166061401367, 0.9205917119979858, 0.9291925430297852, 0.9208241105079651, 0.9220016002655029, 0.9104612469673157, 0.910774827003479, 0.9215903282165527, 0.9215434789657593, 0.9207371473312378, 0.9242464900016785, 0.9237945079803467, 0.920505166053772, 0.9227418899536133, 0.9150333404541016, 0.9228783845901489, 0.9232897758483887, 0.9268713593482971, 0.9204820394515991, 0.9183706045150757, 0.9203529953956604, 0.9132755398750305, 0.9237627983093262, 0.917465090751648, 0.919369637966156, 0.9172207117080688, 0.913225531578064, 0.9080723524093628, 0.9130319952964783, 0.9134373664855957]}