{"loss": [0.8337011933326721, 0.5456401705741882, 0.44175320863723755, 0.37920644879341125, 0.33178552985191345, 0.2918238937854767, 0.256098210811615, 0.22741590440273285, 0.20392754673957825, 0.18353018164634705, 0.16525907814502716, 0.14893074333667755, 0.13503862917423248, 0.1235460713505745, 0.11398684233427048, 0.10584132373332977, 0.09875333309173584, 0.09245503693819046, 0.08676597476005554, 0.08156473189592361, 0.07677122950553894, 0.07254232466220856, 0.0689229816198349, 0.06581190973520279, 0.06302965432405472, 0.06053851172327995, 0.05830632522702217, 0.05629879981279373, 0.05446120351552963, 0.05276278406381607, 0.05118069425225258, 0.04970074072480202, 0.048306941986083984, 0.0469861775636673, 0.04572349786758423, 0.04451753944158554, 0.043373823165893555, 0.0422736331820488, 0.04121022671461105, 0.04018063098192215, 0.03919173404574394, 0.03826770558953285, 0.03740296885371208, 0.03658425062894821, 0.03580605611205101, 0.03506585583090782, 0.03435758128762245, 0.03367851302027702, 0.03302391991019249, 0.032391149550676346, 0.0317816324532032, 0.031194759532809258, 0.030626943334937096, 0.030077466741204262, 0.029544370248913765, 0.02902667410671711, 0.028530362993478775, 0.028044110164046288, 0.0275653637945652, 0.027100957930088043, 0.026646364480257034, 0.026204993948340416, 0.025777846574783325, 0.025354329496622086, 0.024943968281149864, 0.024544361978769302, 0.024152444675564766, 0.023769032210111618, 0.023397110402584076, 0.023033348843455315, 0.02267506904900074, 0.02232944406569004, 0.021993469446897507, 0.02166837640106678, 0.021342724561691284, 0.021029537543654442, 0.020721061155200005, 0.020418183878064156, 0.02012038044631481, 0.019824467599391937, 0.01953752711415291, 0.01926010102033615, 0.01898379996418953, 0.018718471750617027, 0.018454501405358315, 0.018195444718003273, 0.017941711470484734, 0.017690883949398994, 0.017445294186472893, 0.01720394380390644, 0.016966301947832108, 0.016736788675189018, 0.01651027612388134, 0.01627967320382595, 0.0160639937967062, 0.01584605686366558, 0.01562665030360222, 0.015412992797791958, 0.015211278572678566, 0.015002264641225338, 0.014796114526689053, 0.014595363289117813, 0.01439713779836893, 0.01420508697628975, 0.014009922742843628], "auc_pr": [0.520409345626831, 0.4106115400791168, 0.3964134156703949, 0.42125028371810913, 0.4683266878128052, 0.5237787365913391, 0.581878662109375, 0.6405441761016846, 0.6907995939254761, 0.7278292775154114, 0.7710965871810913, 0.7962278723716736, 0.8173134326934814, 0.8358168005943298, 0.8450819253921509, 0.855686366558075, 0.8655181527137756, 0.8746764659881592, 0.8801625370979309, 0.8862637281417847, 0.8885842561721802, 0.892160952091217, 0.8934256434440613, 0.8967758417129517, 0.8996899127960205, 0.9012863636016846, 0.9046699404716492, 0.9067847728729248, 0.9092254042625427, 0.9121670126914978, 0.914518415927887, 0.9158427715301514, 0.918686032295227, 0.9201078414916992, 0.9206705689430237, 0.9215449094772339, 0.9228368997573853, 0.9246575832366943, 0.9265164136886597, 0.9277781248092651, 0.9286397099494934, 0.9292775392532349, 0.9301925301551819, 0.9310264587402344, 0.9321701526641846, 0.9329803586006165, 0.9330016374588013, 0.9342858791351318, 0.9350683689117432, 0.9358923435211182, 0.9365788102149963, 0.9372884035110474, 0.9382355213165283, 0.9388524293899536, 0.9394998550415039, 0.939652144908905, 0.941327691078186, 0.9428348541259766, 0.9433956146240234, 0.9443454742431641, 0.9453071355819702, 0.9457509517669678, 0.9462389945983887, 0.9497694373130798, 0.9501253366470337, 0.9514032602310181, 0.9517649412155151, 0.9526361227035522, 0.9528100490570068, 0.9533368349075317, 0.9551728963851929, 0.955567479133606, 0.9576762914657593, 0.9580644965171814, 0.9596070647239685, 0.9597317576408386, 0.9604185819625854, 0.9619609117507935, 0.9629848003387451, 0.9635459184646606, 0.9640010595321655, 0.9648423194885254, 0.9654657244682312, 0.9655887484550476, 0.9665461182594299, 0.9669961333274841, 0.9674903154373169, 0.9688476324081421, 0.96952885389328, 0.9697949886322021, 0.9700044393539429, 0.9702910780906677, 0.9708067774772644, 0.9711569547653198, 0.9730272889137268, 0.9733067750930786, 0.974128007888794, 0.9742307662963867, 0.9744545817375183, 0.9759300947189331, 0.9763399958610535, 0.9764508008956909, 0.9770406484603882, 0.9775604009628296, 0.9781461358070374], "val_loss": [0.7750228047370911, 0.812240719795227, 0.8217295408248901, 0.8112372159957886, 0.7855179905891418, 0.7453120946884155, 0.6888360977172852, 0.5831784605979919, 0.45198267698287964, 0.33365052938461304, 0.24940039217472076, 0.19932547211647034, 0.15933313965797424, 0.1426943838596344, 0.12124074250459671, 0.10757569223642349, 0.09836485981941223, 0.0911189615726471, 0.08352041244506836, 0.07818328589200974, 0.07312511652708054, 0.06866351515054703, 0.06423661857843399, 0.06248893588781357, 0.060413796454668045, 0.057321686297655106, 0.0555858239531517, 0.05459529533982277, 0.05251512676477432, 0.050836071372032166, 0.04974875599145889, 0.04839874058961868, 0.04850554093718529, 0.0463835634291172, 0.045206744223833084, 0.04374391958117485, 0.04193338379263878, 0.04103454574942589, 0.04139436036348343, 0.04034344106912613, 0.039526451379060745, 0.03886657953262329, 0.036750730127096176, 0.037501260638237, 0.035459306091070175, 0.0397670604288578, 0.0404006689786911, 0.03329130634665489, 0.034899160265922546, 0.034142956137657166, 0.032437339425086975, 0.033862411975860596, 0.031694527715444565, 0.031983088701963425, 0.032900821417570114, 0.032114844769239426, 0.030905509367585182, 0.030515987426042557, 0.031871456652879715, 0.030325479805469513, 0.030184855684638023, 0.02879914455115795, 0.029512472450733185, 0.026869960129261017, 0.028292318806052208, 0.02739054709672928, 0.026823677122592926, 0.027831675484776497, 0.029426047578454018, 0.027985267341136932, 0.026608461514115334, 0.024801483377814293, 0.025181885808706284, 0.024395516142249107, 0.02387947589159012, 0.026153767481446266, 0.02385457046329975, 0.023415986448526382, 0.024529367685317993, 0.0248317439109087, 0.02324717305600643, 0.02563180960714817, 0.026530873030424118, 0.024057788774371147, 0.023776086047291756, 0.028201857581734657, 0.03282484784722328, 0.026421429589390755, 0.024136625230312347, 0.02312874235212803, 0.02251555770635605, 0.023639768362045288, 0.026467066258192062, 0.022522326558828354, 0.022144954651594162, 0.022209983319044113, 0.02553151175379753, 0.026938071474432945, 0.02729988843202591, 0.0249028280377388, 0.02504139579832554, 0.027862373739480972, 0.03769082576036453, 0.03164617344737053, 0.023299025371670723],