{"loss": [0.2999822795391083, 0.19410043954849243, 0.15375900268554688, 0.12896864116191864, 0.11216961592435837, 0.0997932031750679, 0.09025309234857559, 0.08274176716804504, 0.07669346779584885, 0.07172884047031403, 0.0675598606467247, 0.06395961344242096, 0.06081691011786461, 0.05802232772111893, 0.055500056594610214, 0.05318691208958626, 0.05103002488613129, 0.04902108386158943, 0.04714147374033928, 0.04536160081624985, 0.043652281165122986, 0.042023494839668274, 0.04045874997973442, 0.03895805403590202, 0.03751544654369354, 0.03614659234881401, 0.034878920763731, 0.03370146453380585, 0.03262059763073921, 0.03163686767220497, 0.030727984383702278, 0.029883990064263344, 0.02910131774842739, 0.0283680222928524, 0.02768048457801342, 0.02704724110662937, 0.02645040862262249, 0.025878602638840675, 0.025336086750030518, 0.02482016757130623, 0.0243338942527771, 0.023864176124334335, 0.023411039263010025, 0.02297278866171837, 0.022541290149092674, 0.022130092605948448, 0.021736906841397285, 0.021356208249926567, 0.020978616550564766, 0.020614733919501305, 0.020252101123332977, 0.01990406960248947, 0.01956508308649063, 0.019234366714954376, 0.01891034096479416, 0.018583405762910843, 0.01827293448150158, 0.01796174794435501, 0.01765730418264866, 0.017362872138619423, 0.017071176320314407, 0.01678425446152687, 0.016507290303707123, 0.016230808570981026, 0.015958964824676514, 0.015689298510551453, 0.015423391945660114, 0.015158385038375854, 0.014899929985404015, 0.014648767188191414, 0.014386535622179508, 0.014142447151243687, 0.013880716636776924, 0.013638058677315712, 0.013387155719101429, 0.013137789443135262, 0.012892842292785645, 0.012649151496589184, 0.012402513064444065, 0.012169968336820602, 0.01192812155932188, 0.011703942902386189, 0.011466767638921738], "auc_pr": [0.25231629610061646, 0.5099791288375854, 0.6140714287757874, 0.6749190092086792, 0.7210205793380737, 0.7589175701141357, 0.7854939699172974, 0.8039833307266235, 0.8205277919769287, 0.8338748216629028, 0.8430256843566895, 0.8526293039321899, 0.8604753613471985, 0.8688117861747742, 0.8782364130020142, 0.8864566087722778, 0.8923014402389526, 0.896626353263855, 0.9015798568725586, 0.9064000844955444, 0.9095824956893921, 0.9124140739440918, 0.9173134565353394, 0.9212419390678406, 0.9256330132484436, 0.9283199310302734, 0.9301086664199829, 0.9321297407150269, 0.935435950756073, 0.9365664720535278, 0.9390796422958374, 0.9406421780586243, 0.9414831399917603, 0.9428279399871826, 0.9447048306465149, 0.9445735812187195, 0.9454256892204285, 0.9473329782485962, 0.9483145475387573, 0.949338436126709, 0.9514419436454773, 0.9521297812461853, 0.953892707824707, 0.9561014771461487, 0.9567177295684814, 0.9575086236000061, 0.9576019048690796, 0.9582809209823608, 0.9592549800872803, 0.9607789516448975, 0.9615520238876343, 0.9619423747062683, 0.9636901021003723, 0.9641423225402832, 0.9659664630889893, 0.9683594107627869, 0.9687290191650391, 0.970100998878479, 0.9704189300537109, 0.9710360765457153, 0.9715250730514526, 0.9723501801490784, 0.973088264465332, 0.9733573198318481, 0.9736974239349365, 0.9740864038467407, 0.9748116731643677, 0.9755421876907349, 0.9769144058227539, 0.977332592010498, 0.9801537990570068, 0.982048511505127, 0.9830259084701538, 0.9837439060211182, 0.9839425086975098, 0.9843157529830933, 0.9845925569534302, 0.9849942326545715, 0.9855185151100159, 0.9860994219779968, 0.9865811467170715, 0.9868112802505493, 0.9873254895210266], "val_loss": [0.7229242920875549, 0.721410870552063, 0.6878316402435303, 0.636033296585083, 0.5379200577735901, 0.3958592116832733, 0.26956355571746826, 0.18050922453403473, 0.12511736154556274, 0.09129424393177032, 0.07156860083341599, 0.059246838092803955, 0.051759377121925354, 0.04665752872824669, 0.04397333040833473, 0.04168272763490677, 0.03930417075753212, 0.03740518167614937, 0.03569690138101578, 0.034264035522937775, 0.03340870141983032, 0.03244299069046974, 0.031029395759105682, 0.030396537855267525, 0.02962912991642952, 0.028192417696118355, 0.027215586975216866, 0.026903515681624413, 0.025547491386532784, 0.024672584608197212, 0.024630937725305557, 0.02430049702525139, 0.02443031594157219, 0.022965973243117332, 0.02387824095785618, 0.02467530407011509, 0.02407905086874962, 0.022281484678387642, 0.020890820771455765, 0.02379032038152218, 0.020732207223773003, 0.020554257556796074, 0.019911259412765503, 0.01962527446448803, 0.019704308360815048, 0.01932639256119728, 0.018997889012098312, 0.018793117254972458, 0.019673727452754974, 0.018525054678320885, 0.01838899403810501, 0.018320510163903236, 0.018236156553030014, 0.017894340679049492, 0.017978398129343987, 0.017824746668338776, 0.021755434572696686, 0.017823142930865288, 0.0175179410725832, 0.017406439408659935, 0.01760546676814556, 0.017746930941939354, 0.017840474843978882, 0.01743454486131668, 0.01743655651807785, 0.01684599369764328, 0.017843639478087425, 0.01794142834842205, 0.017669567838311195, 0.01796753890812397, 0.019473092630505562, 0.01773989014327526, 0.016307663172483444, 0.017058249562978745, 0.016940368339419365, 0.017420198768377304, 0.019946502521634102, 0.017748845741152763, 0.01786528341472149, 0.018641266971826553, 0.01816953904926777, 0.020159892737865448, 0.01711493730545044], "val_auc_pr": [0.0260416641831398, 0.0260416641831398, 0.025575274601578712, 0.013519948348402977, 0.013472259044647217, 0.02191532775759697, 0.21812820434570312, 0.5489775538444519, 0.7909313440322876, 0.8809140920639038, 0.9030941724777222, 0.9127731323242188, 0.9217786192893982, 0.9134656190872192, 0.9184985756874084, 0.9182575941085815, 0.9221478700637817, 0.9206681251525879, 0.9183061122894287, 0.9203615188598633, 0.9254201650619507, 0.9331004619598389, 0.9219591021537781, 0.9232358336448669, 0.9271063208580017, 0.9239659309387207, 0.9317051768302917, 0.9366797804832458, 0.9320257902145386, 0.9341738224029541, 0.9385515451431274, 0.9387396574020386, 0.942622184753418, 0.9302974343299866, 0.9424298405647278, 0.942730188369751, 0.9412288665771484, 0.9460526704788208, 0.9316174387931824, 0.9473865032196045, 0.9410460591316223, 0.9397959113121033, 0.9315371513366699, 0.9363784790039062, 0.9432565569877625, 0.9448024034500122, 0.9280761480331421, 0.9284465312957764, 0.9102132320404053, 0.9284466505050659, 0.9283490180969238, 0.9319571256637573, 0.9387000799179077, 0.9370815753936768, 0.9205894470214844, 0.9444228410720825, 0.9565775990486145, 0.9513723254203796, 0.9471840858459473, 0.9360808730125427, 0.9222164154052734, 0.9223524928092957, 0.9153017997741699, 0.9195603132247925, 0.947371780872345, 0.9490846395492554, 0.9457653164863586, 0.9418012499809265, 0.9404982328414917, 0.9495896100997925, 0.953689694404602, 0.9499416351318359, 0.9519650936126709, 0.9495404958724976, 0.947777509689331, 0.9468626976013184, 0.9550113081932068, 0.9523614645004272, 0.9533808827400208, 0.9539374113082886, 0.9538388252258301, 0.9515724182128906, 0.9521331787109375]}